Alaska,North America
Northwest Territory,North America
Greenland,North America
Alberta,North America
Ontario,North America
Quebec,North America
Western United States,North America
Eastern United States,North America
Central America,North America
Venezuela,South America
Peru,South America
Brazil,South America
Argentina,South America
North Africa,Africa
Egypt,Africa
East Africa,Africa
Congo,Africa
South Africa,Africa
Madagascar,Africa
Iceland,Europe
Scandinavia,Europe
Ukraine,Europe
Great Britain,Europe
Northern Europe,Europe
Southern Europe,Europe
Western Europe,Europe
Indonesia,Australia
New Guinea,Australia
Western Australia,Australia
Eastern Australia,Australia
Siam,Asia
India,Asia
China,Asia
Mongolia,Asia
Japan,Asia
Irkutsk,Asia
Yakutsk,Asia
Kamchatka,Asia
Siberia,Asia
Afghanistan,Asia
Ural,Asia
Middle East,Asia